Country,Tannual,Pannual,OC,Tillage,CoverCropGroup,GrainCropGroup,Conservation_Type,Type
USA,19.6,976.0,0.74,Reduced,Legume,Grain,CC,_T
USA,19.6,976.0,0.7,Reduced,Legume,Grain,CC,_T
USA,19.6,976.0,0.59,Reduced,Legume,Grain,CC,_T
USA,19.6,976.0,0.73,Reduced,Legume,Grain,CC,_T
USA,19.6,976.0,0.74,Reduced,Legume,Grain,CC,_T
USA,19.6,976.0,0.54,Reduced,Legume,Grain,CC,_T
USA,19.6,976.0,0.7,Reduced,Legume,Grain,CC,_T
USA,19.6,976.0,0.73,Reduced,Legume,Grain,CC,_T
USA,19.6,976.0,0.52,Reduced,Legume,Grain,CC,_T
USA,15.7,1352.0,2.2,No,Rye,Grain,CC-NT,_T
USA,15.7,1352.0,1.7,No,Rye,Grain,CC-NT,_T
USA,15.7,1352.0,1.829,No,Rye,Grain,CC-NT,_T
USA,15.7,1352.0,0.291,No,Rye,Grain,CC-NT,_T
USA,15.7,1352.0,0.116,No,Rye,Grain,CC-NT,_T
USA,15.7,1352.0,0.017,No,Rye,Grain,CC-NT,_T
USA,9.0,960.0,1.6,Unknown,Rye,Grain,CC,_T
USA,9.0,960.0,1.88,Unknown,Rye,Grain,CC,_T
USA,9.0,960.0,1.57,Unknown,Rye,Grain,CC,_T
USA,9.0,960.0,1.53,Unknown,Rye,Grain,CC,_T
USA,9.0,960.0,1.44,Unknown,Rye,Grain,CC,_T
USA,9.0,960.0,1.48,Unknown,Rye,Grain,CC,_T
USA,9.0,960.0,1.7,Unknown,Rye,Grain,CC,_T
USA,9.0,960.0,1.4,Unknown,Rye,Grain,CC,_T
USA,9.0,960.0,1.47,Unknown,Rye,Grain,CC,_T
USA,9.0,960.0,1.36,Unknown,Rye,Grain,CC,_T
USA,9.0,960.0,1.56,Unknown,Rye,Grain-rotation,CC,_T
USA,9.0,960.0,1.74,Unknown,Rye,Grain-rotation,CC,_T
USA,9.0,960.0,1.51,Unknown,Rye,Grain-rotation,CC,_T
USA,9.0,960.0,1.55,Unknown,Rye,Grain-rotation,CC,_T
USA,9.0,960.0,1.46,Unknown,Rye,Grain-rotation,CC,_T
USA,9.0,960.0,1.559,Unknown,Rye,Grain-rotation,CC,_T
USA,9.8,849.0,2.5,Unknown,Rye,Grain-rotation,CC,_T
USA,9.8,849.0,2.28,Unknown,Rye,Grain-rotation,CC,_T
USA,9.8,849.0,2.22,Unknown,Rye,Grain-rotation,CC,_T
USA,9.8,849.0,2.22,Unknown,Rye,Grain-rotation,CC,_T
Canada,10.0,1167.0,1.871,No,Grass,Grain,CC-NT,_T
Canada,10.0,1167.0,1.812,Conventional,Grass,Grain,CC,_T
Canada,10.0,1167.0,1.829,No,Rye,Grain,CC-NT,_T
Canada,10.0,1167.0,1.576,Conventional,Rye,Grain,CC,_T
Canada,10.0,1167.0,1.876,No,Rye,Grain,CC-NT,_T
Canada,10.0,1167.0,1.953,Conventional,Rye,Grain,CC,_T
USA,10.7,1633.0,1.66,Conventional,Rye,Vegetable,CC,_T
USA,10.7,1633.0,1.62,Conventional,Rye,Vegetable,CC,_T
USA,10.7,1633.0,0.809,Conventional,Rye,Vegetable,CC,_T
USA,10.7,1633.0,1.62,Conventional,Rye,Vegetable,CC,_T
USA,10.7,1633.0,1.56,Conventional,Rye,Vegetable,CC,_T
USA,10.7,1633.0,0.786,Conventional,Rye,Vegetable,CC,_T
USA,10.7,1633.0,1.6,Conventional,Legume,Vegetable,CC,_T
USA,10.7,1633.0,1.54,Conventional,Legume,Vegetable,CC,_T
USA,10.7,1633.0,0.781,Conventional,Legume,Vegetable,CC,_T
USA,10.7,1633.0,1.55,Conventional,Legume,Vegetable,CC,_T
USA,10.7,1633.0,1.5,Conventional,Legume,Vegetable,CC,_T
USA,10.7,1633.0,0.76,Conventional,Legume,Vegetable,CC,_T
USA,10.7,1633.0,1.66,Conventional,Rye,Vegetable,CC,_T
USA,10.7,1633.0,1.55,Conventional,Rye,Vegetable,CC,_T
USA,10.7,1633.0,0.795,Conventional,Rye,Vegetable,CC,_T
USA,10.7,1633.0,1.58,Conventional,Rye,Vegetable,CC,_T
USA,10.7,1633.0,1.53,Conventional,Rye,Vegetable,CC,_T
USA,10.7,1633.0,0.772,Conventional,Rye,Vegetable,CC,_T
USA,10.7,1633.0,1.58,Conventional,Legume,Vegetable,CC,_T
USA,10.7,1633.0,1.49,Conventional,Legume,Vegetable,CC,_T
USA,10.7,1633.0,1.535,Conventional,Legume,Vegetable,CC,_T
USA,10.7,1633.0,1.54,Conventional,Legume,Vegetable,CC,_T
USA,10.7,1633.0,1.45,Conventional,Legume,Vegetable,CC,_T
USA,10.7,1633.0,1.496,Conventional,Legume,Vegetable,CC,_T
USA,10.7,1633.0,1.54,Conventional,Brassica,Vegetable,CC,_T
USA,10.7,1633.0,1.44,Conventional,Brassica,Vegetable,CC,_T
USA,10.7,1633.0,1.498,Conventional,Brassica,Vegetable,CC,_T
USA,10.7,1633.0,1.46,Conventional,Brassica,Vegetable,CC,_T
USA,10.7,1633.0,1.4,Conventional,Brassica,Vegetable,CC,_T
USA,10.7,1633.0,1.443,Conventional,Brassica,Vegetable,CC,_T
USA,18.0,1339.0,0.204,Unknown,Legume,Grain,CC,_T
USA,18.1,1258.0,0.782,No,Rye,Grain,CC-NT,_T
USA,18.1,1258.0,0.456,No,Rye,Grain,CC-NT,_T
USA,18.1,1258.0,0.246,No,Rye,Grain,CC-NT,_T
USA,18.1,1258.0,0.163,No,Rye,Grain,CC-NT,_T
USA,18.1,1258.0,0.109,No,Rye,Grain,CC-NT,_T
USA,18.1,1258.0,0.781,No,Rye,Grain,CC-NT,_T
USA,18.1,1258.0,0.504,No,Rye,Grain,CC-NT,_T
USA,18.1,1258.0,0.246,No,Rye,Grain,CC-NT,_T
USA,18.1,1258.0,0.167,No,Rye,Grain,CC-NT,_T
USA,18.1,1258.0,0.119,No,Rye,Grain,CC-NT,_T
USA,18.1,1258.0,0.809,No,Rye,Grain,CC-NT,_T
USA,18.1,1258.0,0.553,No,Rye,Grain,CC-NT,_T
USA,18.1,1258.0,0.269,No,Rye,Grain,CC-NT,_T
USA,18.1,1258.0,0.136,No,Rye,Grain,CC-NT,_T
USA,18.1,1258.0,0.139,No,Rye,Grain,CC-NT,_T
USA,18.1,1258.0,0.83,No,Legume,Grain,CC-NT,_T
USA,18.1,1258.0,0.465,No,Legume,Grain,CC-NT,_T
USA,18.1,1258.0,0.279,No,Legume,Grain,CC-NT,_T
USA,18.1,1258.0,0.192,No,Legume,Grain,CC-NT,_T
USA,18.1,1258.0,0.123,No,Legume,Grain,CC-NT,_T
USA,18.1,1258.0,0.788,No,Legume,Grain,CC-NT,_T
USA,18.1,1258.0,0.52,No,Legume,Grain,CC-NT,_T
USA,18.1,1258.0,0.308,No,Legume,Grain,CC-NT,_T
USA,18.1,1258.0,0.167,No,Legume,Grain,CC-NT,_T
USA,18.1,1258.0,0.129,No,Legume,Grain,CC-NT,_T
USA,18.1,1258.0,0.809,No,Legume,Grain,CC-NT,_T
USA,18.1,1258.0,0.452,No,Legume,Grain,CC-NT,_T
USA,18.1,1258.0,0.284,No,Legume,Grain,CC-NT,_T
USA,18.1,1258.0,0.182,No,Legume,Grain,CC-NT,_T
USA,18.1,1258.0,0.127,No,Legume,Grain,CC-NT,_T
USA,18.1,1258.0,0.746,No,Mixed,Grain,CC-NT,_T
USA,18.1,1258.0,0.501,No,Mixed,Grain,CC-NT,_T
USA,18.1,1258.0,0.274,No,Mixed,Grain,CC-NT,_T
USA,18.1,1258.0,0.186,No,Mixed,Grain,CC-NT,_T
USA,18.1,1258.0,0.137,No,Mixed,Grain,CC-NT,_T
USA,18.1,1258.0,0.767,No,Mixed,Grain,CC-NT,_T
USA,18.1,1258.0,0.517,No,Mixed,Grain,CC-NT,_T
USA,18.1,1258.0,0.255,No,Mixed,Grain,CC-NT,_T
USA,18.1,1258.0,0.151,No,Mixed,Grain,CC-NT,_T
USA,18.1,1258.0,0.117,No,Mixed,Grain,CC-NT,_T
USA,18.1,1258.0,0.816,No,Mixed,Grain,CC-NT,_T
USA,18.1,1258.0,0.533,No,Mixed,Grain,CC-NT,_T
USA,18.1,1258.0,0.262,No,Mixed,Grain,CC-NT,_T
USA,18.1,1258.0,0.138,No,Mixed,Grain,CC-NT,_T
USA,18.1,1258.0,0.117,No,Mixed,Grain,CC-NT,_T
USA,18.1,1258.0,0.612,Reduced,Rye,Grain,CC,_T
USA,18.1,1258.0,0.468,Reduced,Rye,Grain,CC,_T
USA,18.1,1258.0,0.204,Reduced,Rye,Grain,CC,_T
USA,18.1,1258.0,0.137,Reduced,Rye,Grain,CC,_T
USA,18.1,1258.0,0.107,Reduced,Rye,Grain,CC,_T
USA,18.1,1258.0,0.632,Reduced,Rye,Grain,CC,_T
USA,18.1,1258.0,0.5,Reduced,Rye,Grain,CC,_T
USA,18.1,1258.0,0.25,Reduced,Rye,Grain,CC,_T
USA,18.1,1258.0,0.162,Reduced,Rye,Grain,CC,_T
USA,18.1,1258.0,0.12,Reduced,Rye,Grain,CC,_T
USA,18.1,1258.0,0.716,Reduced,Rye,Grain,CC,_T
USA,18.1,1258.0,0.546,Reduced,Rye,Grain,CC,_T
USA,18.1,1258.0,0.238,Reduced,Rye,Grain,CC,_T
USA,18.1,1258.0,0.131,Reduced,Rye,Grain,CC,_T
USA,18.1,1258.0,0.111,Reduced,Rye,Grain,CC,_T
USA,18.1,1258.0,0.651,Reduced,Legume,Grain,CC,_T
USA,18.1,1258.0,0.468,Reduced,Legume,Grain,CC,_T
USA,18.1,1258.0,0.225,Reduced,Legume,Grain,CC,_T
USA,18.1,1258.0,0.133,Reduced,Legume,Grain,CC,_T
USA,18.1,1258.0,0.12,Reduced,Legume,Grain,CC,_T
USA,18.1,1258.0,0.645,Reduced,Legume,Grain,CC,_T
USA,18.1,1258.0,0.474,Reduced,Legume,Grain,CC,_T
USA,18.1,1258.0,0.213,Reduced,Legume,Grain,CC,_T
USA,18.1,1258.0,0.133,Reduced,Legume,Grain,CC,_T
USA,18.1,1258.0,0.118,Reduced,Legume,Grain,CC,_T
USA,18.1,1258.0,0.671,Reduced,Legume,Grain,CC,_T
USA,18.1,1258.0,0.52,Reduced,Legume,Grain,CC,_T
USA,18.1,1258.0,0.208,Reduced,Legume,Grain,CC,_T
USA,18.1,1258.0,0.131,Reduced,Legume,Grain,CC,_T
USA,18.1,1258.0,0.114,Reduced,Legume,Grain,CC,_T
USA,18.1,1258.0,0.586,Reduced,Mixed,Grain,CC,_T
USA,18.1,1258.0,0.481,Reduced,Mixed,Grain,CC,_T
USA,18.1,1258.0,0.234,Reduced,Mixed,Grain,CC,_T
USA,18.1,1258.0,0.172,Reduced,Mixed,Grain,CC,_T
USA,18.1,1258.0,0.101,Reduced,Mixed,Grain,CC,_T
USA,18.1,1258.0,0.592,Reduced,Mixed,Grain,CC,_T
USA,18.1,1258.0,0.487,Reduced,Mixed,Grain,CC,_T
USA,18.1,1258.0,0.245,Reduced,Mixed,Grain,CC,_T
USA,18.1,1258.0,0.15,Reduced,Mixed,Grain,CC,_T
USA,18.1,1258.0,0.111,Reduced,Mixed,Grain,CC,_T
USA,18.1,1258.0,0.703,Reduced,Mixed,Grain,CC,_T
USA,18.1,1258.0,0.494,Reduced,Mixed,Grain,CC,_T
USA,18.1,1258.0,0.238,Reduced,Mixed,Grain,CC,_T
USA,18.1,1258.0,0.162,Reduced,Mixed,Grain,CC,_T
USA,18.1,1258.0,0.136,Reduced,Mixed,Grain,CC,_T
USA,18.1,1258.0,0.622,Reduced,Rye,Grain,CC,_T
USA,18.1,1258.0,0.413,Reduced,Rye,Grain,CC,_T
USA,18.1,1258.0,0.21,Reduced,Rye,Grain,CC,_T
USA,18.1,1258.0,0.158,Reduced,Rye,Grain,CC,_T
USA,18.1,1258.0,0.123,Reduced,Rye,Grain,CC,_T
USA,18.1,1258.0,0.629,Reduced,Rye,Grain,CC,_T
USA,18.1,1258.0,0.439,Reduced,Rye,Grain,CC,_T
USA,18.1,1258.0,0.217,Reduced,Rye,Grain,CC,_T
USA,18.1,1258.0,0.148,Reduced,Rye,Grain,CC,_T
USA,18.1,1258.0,0.119,Reduced,Rye,Grain,CC,_T
USA,18.1,1258.0,0.636,Reduced,Rye,Grain,CC,_T
USA,18.1,1258.0,0.449,Reduced,Rye,Grain,CC,_T
USA,18.1,1258.0,0.289,Reduced,Rye,Grain,CC,_T
USA,18.1,1258.0,0.169,Reduced,Rye,Grain,CC,_T
USA,18.1,1258.0,0.121,Reduced,Rye,Grain,CC,_T
USA,18.1,1258.0,0.636,Reduced,Legume,Grain,CC,_T
USA,18.1,1258.0,0.446,Reduced,Legume,Grain,CC,_T
USA,18.1,1258.0,0.26,Reduced,Legume,Grain,CC,_T
USA,18.1,1258.0,0.133,Reduced,Legume,Grain,CC,_T
USA,18.1,1258.0,0.123,Reduced,Legume,Grain,CC,_T
USA,18.1,1258.0,0.636,Reduced,Legume,Grain,CC,_T
USA,18.1,1258.0,0.436,Reduced,Legume,Grain,CC,_T
USA,18.1,1258.0,0.246,Reduced,Legume,Grain,CC,_T
USA,18.1,1258.0,0.146,Reduced,Legume,Grain,CC,_T
USA,18.1,1258.0,0.123,Reduced,Legume,Grain,CC,_T
USA,18.1,1258.0,0.664,Reduced,Legume,Grain,CC,_T
USA,18.1,1258.0,0.468,Reduced,Legume,Grain,CC,_T
USA,18.1,1258.0,0.289,Reduced,Legume,Grain,CC,_T
USA,18.1,1258.0,0.167,Reduced,Legume,Grain,CC,_T
USA,18.1,1258.0,0.136,Reduced,Legume,Grain,CC,_T
USA,18.1,1258.0,0.664,Reduced,Mixed,Grain,CC,_T
USA,18.1,1258.0,0.458,Reduced,Mixed,Grain,CC,_T
USA,18.1,1258.0,0.248,Reduced,Mixed,Grain,CC,_T
USA,18.1,1258.0,0.169,Reduced,Mixed,Grain,CC,_T
USA,18.1,1258.0,0.132,Reduced,Mixed,Grain,CC,_T
USA,18.1,1258.0,0.706,Reduced,Mixed,Grain,CC,_T
USA,18.1,1258.0,0.455,Reduced,Mixed,Grain,CC,_T
USA,18.1,1258.0,0.262,Reduced,Mixed,Grain,CC,_T
USA,18.1,1258.0,0.173,Reduced,Mixed,Grain,CC,_T
USA,18.1,1258.0,0.103,Reduced,Mixed,Grain,CC,_T
USA,18.1,1258.0,0.664,Reduced,Mixed,Grain,CC,_T
USA,18.1,1258.0,0.468,Reduced,Mixed,Grain,CC,_T
USA,18.1,1258.0,0.262,Reduced,Mixed,Grain,CC,_T
USA,18.1,1258.0,0.163,Reduced,Mixed,Grain,CC,_T
USA,18.1,1258.0,0.123,Reduced,Mixed,Grain,CC,_T
USA,18.1,1258.0,0.398,Conventional,Rye,Vegetable,CC,_T
USA,18.1,1258.0,0.398,Conventional,Legume,Vegetable,CC,_T
USA,18.1,1258.0,0.397,Conventional,Legume,Vegetable,CC,_T
USA,18.1,1258.0,0.416,Conventional,Rye,Vegetable,CC,_T
USA,18.1,1258.0,0.411,Conventional,Legume,Vegetable,CC,_T
USA,18.1,1258.0,0.391,Conventional,Legume,Vegetable,CC,_T
USA,18.1,1258.0,0.403,Conventional,Rye,Vegetable,CC,_T
USA,18.1,1258.0,0.4,Conventional,Legume,Vegetable,CC,_T
USA,18.1,1258.0,0.397,Conventional,Legume,Vegetable,CC,_T
USA,18.1,1258.0,0.407,Conventional,Rye,Vegetable,CC,_T
USA,18.1,1258.0,0.387,Conventional,Legume,Vegetable,CC,_T
USA,18.1,1258.0,0.373,Conventional,Legume,Vegetable,CC,_T
USA,18.1,1258.0,0.403,Conventional,Rye,Vegetable,CC,_T
USA,18.1,1258.0,0.38,Conventional,Legume,Vegetable,CC,_T
USA,18.1,1258.0,0.388,Conventional,Legume,Vegetable,CC,_T
USA,18.1,1258.0,0.407,Conventional,Rye,Vegetable,CC,_T
USA,18.1,1258.0,0.389,Conventional,Legume,Vegetable,CC,_T
USA,18.1,1258.0,0.388,Conventional,Legume,Vegetable,CC,_T
USA,18.1,1258.0,0.411,Conventional,Rye,Vegetable,CC,_T
USA,18.1,1258.0,0.395,Conventional,Legume,Vegetable,CC,_T
USA,18.1,1258.0,0.393,Conventional,Legume,Vegetable,CC,_T
USA,18.1,1258.0,0.851,Reduced,Legume,Vegetable,CC-NT,_T
USA,18.1,1258.0,0.808,Reduced,Legume,Vegetable,CC-NT,_T
USA,18.1,1258.0,0.798,Reduced,Legume,Vegetable,CC-NT,_T
USA,18.1,1258.0,0.779,Reduced,Legume,Vegetable,CC-NT,_T
USA,18.1,1258.0,0.86,No,Legume,Vegetable,CC-NT,_T
USA,18.1,1258.0,0.871,No,Legume,Vegetable,CC-NT,_T
USA,18.1,1258.0,1.022,No,Legume,Vegetable,CC-NT,_T
USA,18.1,1258.0,0.881,No,Legume,Vegetable,CC-NT,_T
USA,18.1,1258.0,0.86,No,Legume,Vegetable,CC-NT,_T
USA,18.1,1258.0,0.878,No,Legume,Vegetable,CC-NT,_T
USA,18.1,1258.0,0.86,No,Legume,Vegetable,CC-NT,_T
USA,18.1,1258.0,0.766,No,Legume,Vegetable,CC-NT,_T
USA,18.1,1258.0,0.968,No,Legume,Vegetable,CC-NT,_T
USA,18.1,1258.0,0.86,No,Legume,Vegetable,CC-NT,_T
USA,18.1,1258.0,0.86,No,Legume,Vegetable,CC-NT,_T
USA,18.1,1258.0,0.874,No,Legume,Vegetable,CC-NT,_T
USA,18.1,1258.0,0.86,No,Legume,Vegetable,CC-NT,_T
USA,18.1,1258.0,0.766,No,Legume,Vegetable,CC-NT,_T
USA,18.1,1258.0,0.892,No,Legume,Vegetable,CC-NT,_T
USA,18.1,1258.0,0.824,No,Legume,Vegetable,CC-NT,_T
USA,18.1,1258.0,0.849,No,Legume,Vegetable,CC-NT,_T
USA,18.1,1258.0,0.871,No,Legume,Vegetable,CC-NT,_T
USA,18.1,1258.0,0.86,Reduced,Legume,Vegetable,CC,_T
USA,18.1,1258.0,0.766,Reduced,Legume,Vegetable,CC,_T
USA,18.1,1258.0,0.838,Reduced,Legume,Vegetable,CC,_T
USA,18.1,1258.0,0.831,Reduced,Legume,Vegetable,CC,_T
USA,18.1,1258.0,0.745,Reduced,Legume,Vegetable,CC,_T
USA,18.1,1258.0,0.723,Reduced,Legume,Vegetable,CC,_T
USA,18.1,1258.0,0.86,Reduced,Legume,Vegetable,CC,_T
USA,18.1,1258.0,0.795,Reduced,Legume,Vegetable,CC,_T
USA,18.1,1258.0,0.723,Reduced,Legume,Vegetable,CC,_T
USA,18.1,1258.0,0.853,Reduced,Legume,Vegetable,CC,_T
USA,18.1,1258.0,0.745,Reduced,Legume,Vegetable,CC,_T
USA,18.1,1258.0,0.73,Reduced,Legume,Vegetable,CC,_T
USA,18.1,1258.0,0.86,Reduced,Legume,Vegetable,CC,_T
USA,18.1,1258.0,0.888,Reduced,Legume,Vegetable,CC,_T
USA,18.1,1258.0,0.975,Reduced,Legume,Vegetable,CC,_T
USA,18.1,1258.0,0.935,Reduced,Legume,Vegetable,CC,_T
USA,18.1,1258.0,0.745,Reduced,Legume,Vegetable,CC,_T
USA,18.1,1258.0,0.716,Reduced,Legume,Vegetable,CC,_T
USA,18.1,1258.0,0.86,Conventional,Legume,Vegetable,CC,_T
USA,18.1,1258.0,0.698,Conventional,Legume,Vegetable,CC,_T
USA,18.1,1258.0,0.835,Conventional,Legume,Vegetable,CC,_T
USA,18.1,1258.0,0.698,Conventional,Legume,Vegetable,CC,_T
USA,18.1,1258.0,0.788,Conventional,Legume,Vegetable,CC,_T
USA,18.1,1258.0,0.748,Conventional,Legume,Vegetable,CC,_T
USA,18.1,1258.0,0.86,Conventional,Legume,Vegetable,CC,_T
USA,18.1,1258.0,0.647,Conventional,Legume,Vegetable,CC,_T
USA,18.1,1258.0,0.644,Conventional,Legume,Vegetable,CC,_T
USA,18.1,1258.0,0.655,Conventional,Legume,Vegetable,CC,_T
USA,18.1,1258.0,0.795,Conventional,Legume,Vegetable,CC,_T
USA,18.1,1258.0,0.755,Conventional,Legume,Vegetable,CC,_T
USA,18.1,1258.0,0.86,Conventional,Legume,Vegetable,CC,_T
USA,18.1,1258.0,0.683,Conventional,Legume,Vegetable,CC,_T
USA,18.1,1258.0,0.766,Conventional,Legume,Vegetable,CC,_T
USA,18.1,1258.0,0.734,Conventional,Legume,Vegetable,CC,_T
USA,18.1,1258.0,0.795,Conventional,Legume,Vegetable,CC,_T
USA,18.1,1258.0,0.719,Conventional,Legume,Vegetable,CC,_T
USA,12.8,1148.1,2.13,No,Legume,Grain,CC-NT,_T
USA,12.8,1148.1,2.385,No,Legume,Grain,CC-NT,_T
USA,12.8,1148.1,1.675,Conventional,Legume,Grain,CC,_T
USA,12.8,1148.1,1.74,Conventional,Legume,Grain,CC,_T
USA,12.8,1148.1,2.01,No,Rye,Grain,CC-NT,_T
USA,12.8,1148.1,2.245,No,Rye,Grain,CC-NT,_T
USA,12.8,1148.1,1.645,Conventional,Rye,Grain,CC,_T
USA,12.8,1148.1,1.605,Conventional,Rye,Grain,CC,_T
Brazil,19.7,1769.0,1.289,No,Legume,Grain,CC-NT,_T
Brazil,19.7,1769.0,1.478,No,Legume,Grain,CC-NT,_T
Brazil,19.7,1769.0,1.052,No,Legume,Grain,CC-NT,_T
Brazil,19.7,1769.0,1.269,No,Legume,Grain,CC-NT,_T
Brazil,19.4,1440.0,2.223,No,Legume,Grain-rotation,CC-NT,_T
Brazil,19.4,1440.0,2.588,No,Legume,Grain-rotation,CC-NT,_T
Brazil,19.4,1440.0,1.992,No,Legume,Grain-rotation,CC-NT,_T
Brazil,19.4,1440.0,2.088,No,Legume,Grain-rotation,CC-NT,_T
Brazil,19.2,1727.0,2.102,Conventional,Mixed,Grain-rotation,CC,_T
Brazil,19.2,1727.0,2.824,Conventional,Mixed,Grain-rotation,CC,_T
Brazil,19.2,1727.0,2.71,No,Mixed,Grain-rotation,CC-NT,_T
Brazil,19.2,1727.0,2.947,No,Mixed,Grain-rotation,CC-NT,_T
Germany,8.9,495.0,0.42,Unknown,Brassica,Vegetable,CC,_T
Germany,8.9,495.0,0.603,Unknown,Brassica,Vegetable,CC,_T
Germany,8.9,495.0,0.489,Unknown,Brassica,Vegetable,CC,_T
Germany,8.9,495.0,0.683,Unknown,Brassica,Vegetable,CC,_T
Germany,8.9,495.0,0.518,Unknown,Brassica,Vegetable,CC,_T
Germany,8.9,495.0,0.663,Unknown,Brassica,Vegetable,CC,_T
Brazil,19.4,1440.0,1.116,Conventional,Legume,Grain-rotation,CC,_T
Brazil,19.4,1440.0,1.301,No,Legume,Grain-rotation,CC-NT,_T
Brazil,19.4,1440.0,5.01,Conventional,Legume,Grain-rotation,CC,_T
Brazil,19.4,1440.0,5.123,Conventional,Legume,Grain-rotation,CC,_T
Brazil,19.4,1440.0,4.745,Conventional,Legume,Grain-rotation,CC,_T
Brazil,19.4,1440.0,4.745,Conventional,Legume,Grain-rotation,CC,_T
Brazil,19.4,1440.0,2.24,Conventional,Legume,Grain-rotation,CC,_T
Brazil,19.4,1440.0,0.734,Conventional,Legume,Grain-rotation,CC,_T
Brazil,19.4,1440.0,9.763,No,Legume,Grain-rotation,CC-NT,_T
Brazil,19.4,1440.0,7.258,No,Legume,Grain-rotation,CC-NT,_T
Brazil,19.4,1440.0,5.617,No,Legume,Grain-rotation,CC-NT,_T
Brazil,19.4,1440.0,5.134,No,Legume,Grain-rotation,CC-NT,_T
Brazil,19.4,1440.0,2.309,No,Legume,Grain-rotation,CC-NT,_T
Brazil,19.4,1440.0,0.69,No,Legume,Grain-rotation,CC-NT,_T
France,11.5,604.0,1.073,Unknown,Brassica,Grain-rotation,CC,_T
France,11.5,604.0,1.06,Unknown,Brassica,Grain-rotation,CC-NT,_T
France,12.1,1213.0,2.722,Unknown,Rye,Grain-rotation,CC,_T
France,10.8,605.0,1.469,Unknown,Mixed,Grain-rotation,CC,_T
France,10.8,605.0,1.643,Unknown,Mixed,Grain-rotation,CC,_T
France,10.8,605.0,1.621,Unknown,Mixed,Grain-rotation,CC,_T
Canada,3.3,350.0,1.84,Unknown,Legume,Grain,CC-NT,_T
Canada,3.3,350.0,2.06,Unknown,Legume,Grain,CC-NT,_T
Canada,3.3,350.0,1.8,Unknown,Legume,Grain,CC-NT,_T
Canada,3.3,350.0,1.15,Unknown,Legume,Grain,CC-NT,_T
Canada,3.3,350.0,1.65,Unknown,Legume,Grain,CC-NT,_T
Canada,3.3,350.0,1.7,Unknown,Legume,Grain,CC-NT,_T
Germany,8.0,586.0,0.435,Unknown,Rye,Grain,CC,_T
Germany,8.0,586.0,0.503,Unknown,Rye,Grain,CC,_T
Italy,14.3,900.0,1.13,Unknown,Rye,Grain,CC,_T
Italy,14.3,900.0,1.08,Unknown,Rye,Grain,CC,_T
Italy,14.3,900.0,1.09,Unknown,Rye,Grain-rotation,CC,_T
Italy,14.3,900.0,1.17,Unknown,Rye,Grain-rotation,CC,_T
Italy,14.3,900.0,1.14,Unknown,Legume,Grain,CC,_T
Italy,14.3,900.0,1.2,Unknown,Legume,Grain,CC,_T
Italy,14.3,900.0,1.31,Unknown,Legume,Grain-rotation,CC,_T
Italy,14.3,900.0,1.35,Unknown,Legume,Grain-rotation,CC,_T
Italy,14.3,900.0,1.37,Unknown,Legume,Grain,CC,_T
Italy,14.3,900.0,1.05,Unknown,Rye,Grain,CC,_T
Italy,14.3,900.0,1.02,Unknown,Rye,Grain,CC,_T
Italy,14.3,900.0,1.02,Unknown,Rye,Grain-rotation,CC,_T
Italy,14.3,900.0,1.01,Unknown,Rye,Grain-rotation,CC,_T
Italy,14.3,900.0,1.01,Unknown,Legume,Grain,CC,_T
Italy,14.3,900.0,1.02,Unknown,Legume,Grain,CC,_T
Italy,14.3,900.0,1.02,Unknown,Legume,Grain-rotation,CC,_T
Italy,14.3,900.0,1.06,Unknown,Legume,Grain-rotation,CC,_T
Italy,14.3,900.0,1.08,Unknown,Legume,Grain,CC,_T
Italy,14.3,900.0,1.056,Unknown,Rye,Grain-rotation,CC,_T
Italy,14.3,900.0,1.021,Unknown,Legume,Grain,CC,_T
Italy,14.3,900.0,1.027,Unknown,Legume,Grain,CC,_T
Italy,14.3,900.0,1.115,Unknown,Legume,Grain-rotation,CC,_T
Italy,14.3,900.0,1.161,Unknown,Legume,Grain-rotation,CC,_T
Italy,14.3,900.0,1.177,Unknown,Legume,Grain,CC,_T
Brazil,22.5,1500.0,2.145,No,Mixed,Grain,CC-NT,_T
Brazil,22.5,1500.0,2.229,No,Mixed,Grain,CC-NT,_T
Brazil,22.7,1500.0,0.223,Unknown,Grass,Grain,CC,_T
Brazil,22.7,1500.0,0.23,Unknown,Grass,Grain,CC,_T
Brazil,22.7,1500.0,0.223,Unknown,Grass,Grain,CC,_T
Brazil,22.7,1500.0,0.243,Unknown,Grass,Grain,CC,_T
Germany,8.0,600.0,0.94,Unknown,Brassica,Grain-rotation,CC,_T
Germany,8.0,600.0,0.965,Unknown,Brassica,Grain-rotation,CC,_T
Germany,8.0,600.0,0.982,Unknown,Brassica,Grain-rotation,CC,_T
Germany,8.0,600.0,0.983,Unknown,Brassica,Grain-rotation,CC,_T
Germany,8.0,600.0,1.011,Unknown,Brassica,Grain-rotation,CC,_T
Germany,8.0,600.0,1.035,Unknown,Brassica,Grain-rotation,CC,_T
Germany,8.0,600.0,1.047,Unknown,Brassica,Grain-rotation,CC,_T
Germany,8.0,600.0,1.056,Unknown,Brassica,Grain-rotation,CC,_T
Sweden,5.0,545.0,1.77,Unknown,Unknown,Grain,CC,_T
Denmark,7.6,862.0,1.29,Unknown,Rye,Grain,CC,_T
Denmark,7.6,862.0,1.46,Unknown,Rye,Grain,CC,_T
Denmark,7.6,862.0,1.56,Unknown,Rye,Grain,CC,_T
Denmark,7.6,862.0,1.67,Unknown,Rye,Grain,CC,_T
USA,8.9,945.0,5.45,No,Rye,Grain,CC-NT,_T
USA,8.9,945.0,5.63,No,Rye,Grain,CC-NT,_T
USA,8.9,945.0,4.87,No,Rye,Grain,CC-NT,_T
USA,9.4,1287.0,5.44,No,Rye,Grain,CC-NT,_T
USA,9.4,1287.0,5.67,No,Rye,Grain,CC-NT,_T
USA,9.4,1287.0,5.04,No,Rye,Grain,CC-NT,_T
USA,9.4,826.0,5.44,No,Rye,Grain,CC-NT,_T
USA,9.4,826.0,5.65,No,Rye,Grain,CC-NT,_T
USA,9.4,826.0,4.95,No,Rye,Grain,CC-NT,_T
USA,8.9,945.0,4.79,No,Rye,Grain,CC-NT,_T
USA,8.9,945.0,4.87,No,Rye,Grain,CC-NT,_T
USA,8.9,945.0,4.66,No,Rye,Grain,CC-NT,_T
USA,9.4,1287.0,4.91,No,Rye,Grain,CC-NT,_T
USA,9.4,1287.0,5.16,No,Rye,Grain,CC-NT,_T
USA,9.4,1287.0,4.8,No,Rye,Grain,CC-NT,_T
USA,9.4,826.0,4.85,No,Rye,Grain,CC-NT,_T
USA,9.4,826.0,5.02,No,Rye,Grain,CC-NT,_T
USA,9.4,826.0,4.73,No,Rye,Grain,CC-NT,_T
USA,17.3,1958.0,1.1,Reduced,Mixed,Unknown,OF-CC,_T
USA,17.3,1958.0,1.2,Reduced,Mixed,Unknown,OF-CC,_T
USA,17.3,1958.0,1.07,Reduced,Mixed,Unknown,OF-CC,_T
USA,17.3,1958.0,1.0,Reduced,Mixed,Unknown,OF-CC,_T
USA,17.3,1958.0,1.01,Reduced,Mixed,Unknown,OF-CC,_T
USA,17.3,1958.0,0.64,Reduced,Mixed,Unknown,OF-CC,_T
USA,17.3,1958.0,1.24,Reduced,Mixed,Unknown,OF-CC,_T
USA,17.3,1958.0,0.96,Reduced,Mixed,Unknown,OF-CC,_T
USA,17.3,1958.0,1.11,Reduced,Mixed,Unknown,OF-CC,_T
USA,17.3,1958.0,0.88,Reduced,Mixed,Unknown,OF-CC,_T
USA,17.3,1958.0,1.22,Reduced,Mixed,Unknown,OF-CC,_T
USA,17.3,1958.0,0.57,Reduced,Mixed,Unknown,OF-CC,_T
USA,17.3,1958.0,2.45,Reduced,Mixed,Unknown,OF-CC,_T
USA,19.6,976.0,0.46,Conventional,No,Grain,None,_C
USA,19.6,976.0,0.46,Conventional,No,Grain,None,_C
USA,19.6,976.0,0.46,Conventional,No,Grain,None,_C
USA,19.6,976.0,0.5,Conventional,No,Grain,None,_C
USA,19.6,976.0,0.5,Conventional,No,Grain,None,_C
USA,19.6,976.0,0.5,Conventional,No,Grain,None,_C
USA,19.6,976.0,0.56,Conventional,No,Grain,None,_C
USA,19.6,976.0,0.56,Conventional,No,Grain,None,_C
USA,19.6,976.0,0.56,Conventional,No,Grain,None,_C
USA,15.7,1352.0,1.8,No,No,Grain,None,_C
USA,15.7,1352.0,1.2,No,No,Grain,None,_C
USA,15.7,1352.0,1.5,No,No,Grain,None,_C
USA,15.7,1352.0,0.349,No,No,Grain,None,_C
USA,15.7,1352.0,0.116,No,No,Grain,None,_C
USA,15.7,1352.0,0.019,No,No,Grain,None,_C
USA,9.0,960.0,1.48,Unknown,No,Grain,None,_C
USA,9.0,960.0,1.4,Unknown,No,Grain,None,_C
USA,9.0,960.0,1.48,Unknown,No,Grain,None,_C
USA,9.0,960.0,1.56,Unknown,No,Grain,None,_C
USA,9.0,960.0,1.46,Unknown,No,Grain,None,_C
USA,9.0,960.0,1.475,Unknown,No,Grain,None,_C
USA,9.0,960.0,1.49,Unknown,No,Grain,None,_C
USA,9.0,960.0,1.55,Unknown,No,Grain,None,_C
USA,9.0,960.0,1.76,Unknown,No,Grain,None,_C
USA,9.0,960.0,1.38,Unknown,No,Grain,None,_C
USA,9.0,960.0,1.545,Unknown,No,Grain-rotation,None,_C
USA,9.0,960.0,1.49,Unknown,No,Grain-rotation,None,_C
USA,9.0,960.0,1.55,Unknown,No,Grain-rotation,None,_C
USA,9.0,960.0,1.76,Unknown,No,Grain-rotation,None,_C
USA,9.0,960.0,1.38,Unknown,No,Grain-rotation,None,_C
USA,9.0,960.0,1.545,Unknown,No,Grain-rotation,None,_C
USA,9.8,849.0,2.42,Unknown,No,Grain-rotation,None,_C
USA,9.8,849.0,2.11,Unknown,No,Grain-rotation,None,_C
USA,9.8,849.0,2.12,Unknown,No,Grain-rotation,None,_C
USA,9.8,849.0,2.12,Unknown,No,Grain-rotation,None,_C
Canada,10.0,1167.0,1.733,No,No,Grain,None,_C
Canada,10.0,1167.0,1.686,Conventional,No,Grain,None,_C
Canada,10.0,1167.0,1.733,No,No,Grain,None,_C
Canada,10.0,1167.0,1.686,Conventional,No,Grain,None,_C
Canada,10.0,1167.0,1.733,No,No,Grain,None,_C
Canada,10.0,1167.0,1.686,Conventional,No,Grain,None,_C
USA,10.7,1633.0,1.57,Conventional,No,Vegetable,None,_C
USA,10.7,1633.0,1.5,Conventional,No,Vegetable,None,_C
USA,10.7,1633.0,0.76,Conventional,No,Vegetable,None,_C
USA,10.7,1633.0,1.52,Conventional,No,Vegetable,None,_C
USA,10.7,1633.0,1.48,Conventional,No,Vegetable,None,_C
USA,10.7,1633.0,0.74,Conventional,No,Vegetable,None,_C
USA,10.7,1633.0,1.57,Conventional,No,Vegetable,None,_C
USA,10.7,1633.0,1.5,Conventional,No,Vegetable,None,_C
USA,10.7,1633.0,0.76,Conventional,No,Vegetable,None,_C
USA,10.7,1633.0,1.52,Conventional,No,Vegetable,None,_C
USA,10.7,1633.0,1.48,Conventional,No,Vegetable,None,_C
USA,10.7,1633.0,0.75,Conventional,No,Vegetable,None,_C
USA,10.7,1633.0,1.57,Conventional,No,Vegetable,None,_C
USA,10.7,1633.0,1.5,Conventional,No,Vegetable,None,_C
USA,10.7,1633.0,0.76,Conventional,No,Vegetable,None,_C
USA,10.7,1633.0,1.52,Conventional,No,Vegetable,None,_C
USA,10.7,1633.0,1.48,Conventional,No,Vegetable,None,_C
USA,10.7,1633.0,0.74,Conventional,No,Vegetable,None,_C
USA,10.7,1633.0,1.57,Conventional,No,Vegetable,None,_C
USA,10.7,1633.0,1.5,Conventional,No,Vegetable,None,_C
USA,10.7,1633.0,1.535,Conventional,No,Vegetable,None,_C
USA,10.7,1633.0,1.52,Conventional,No,Vegetable,None,_C
USA,10.7,1633.0,1.48,Conventional,No,Vegetable,None,_C
USA,10.7,1633.0,1.5,Conventional,No,Vegetable,None,_C
USA,10.7,1633.0,1.57,Conventional,No,Vegetable,None,_C
USA,10.7,1633.0,1.5,Conventional,No,Vegetable,None,_C
USA,10.7,1633.0,1.535,Conventional,No,Vegetable,None,_C
USA,10.7,1633.0,1.52,Conventional,No,Vegetable,None,_C
USA,10.7,1633.0,1.48,Conventional,No,Vegetable,None,_C
USA,10.7,1633.0,1.5,Conventional,No,Vegetable,None,_C
USA,18.0,1339.0,0.058,Unknown,No,Grain,None,_C
USA,18.1,1258.0,0.746,No,No,Grain,None,_C
USA,18.1,1258.0,0.452,No,No,Grain,None,_C
USA,18.1,1258.0,0.241,No,No,Grain,None,_C
USA,18.1,1258.0,0.173,No,No,Grain,None,_C
USA,18.1,1258.0,0.143,No,No,Grain,None,_C
USA,18.1,1258.0,0.746,No,No,Grain,None,_C
USA,18.1,1258.0,0.446,No,No,Grain,None,_C
USA,18.1,1258.0,0.279,No,No,Grain,None,_C
USA,18.1,1258.0,0.194,No,No,Grain,None,_C
USA,18.1,1258.0,0.131,No,No,Grain,None,_C
USA,18.1,1258.0,0.767,No,No,Grain,None,_C
USA,18.1,1258.0,0.43,No,No,Grain,None,_C
USA,18.1,1258.0,0.25,No,No,Grain,None,_C
USA,18.1,1258.0,0.144,No,No,Grain,None,_C
USA,18.1,1258.0,0.115,No,No,Grain,None,_C
USA,18.1,1258.0,0.746,No,No,Grain,None,_C
USA,18.1,1258.0,0.452,No,No,Grain,None,_C
USA,18.1,1258.0,0.241,No,No,Grain,None,_C
USA,18.1,1258.0,0.173,No,No,Grain,None,_C
USA,18.1,1258.0,0.143,No,No,Grain,None,_C
USA,18.1,1258.0,0.746,No,No,Grain,None,_C
USA,18.1,1258.0,0.446,No,No,Grain,None,_C
USA,18.1,1258.0,0.279,No,No,Grain,None,_C
USA,18.1,1258.0,0.194,No,No,Grain,None,_C
USA,18.1,1258.0,0.131,No,No,Grain,None,_C
USA,18.1,1258.0,0.767,No,No,Grain,None,_C
USA,18.1,1258.0,0.43,No,No,Grain,None,_C
USA,18.1,1258.0,0.25,No,No,Grain,None,_C
USA,18.1,1258.0,0.144,No,No,Grain,None,_C
USA,18.1,1258.0,0.115,No,No,Grain,None,_C
USA,18.1,1258.0,0.746,No,No,Grain,None,_C
USA,18.1,1258.0,0.452,No,No,Grain,None,_C
USA,18.1,1258.0,0.241,No,No,Grain,None,_C
USA,18.1,1258.0,0.173,No,No,Grain,None,_C
USA,18.1,1258.0,0.143,No,No,Grain,None,_C
USA,18.1,1258.0,0.746,No,No,Grain,None,_C
USA,18.1,1258.0,0.446,No,No,Grain,None,_C
USA,18.1,1258.0,0.279,No,No,Grain,None,_C
USA,18.1,1258.0,0.194,No,No,Grain,None,_C
USA,18.1,1258.0,0.131,No,No,Grain,None,_C
USA,18.1,1258.0,0.767,No,No,Grain,None,_C
USA,18.1,1258.0,0.43,No,No,Grain,None,_C
USA,18.1,1258.0,0.25,No,No,Grain,None,_C
USA,18.1,1258.0,0.144,No,No,Grain,None,_C
USA,18.1,1258.0,0.115,No,No,Grain,None,_C
USA,18.1,1258.0,0.632,Reduced,No,Grain,None,_C
USA,18.1,1258.0,0.448,Reduced,No,Grain,None,_C
USA,18.1,1258.0,0.229,Reduced,No,Grain,None,_C
USA,18.1,1258.0,0.141,Reduced,No,Grain,None,_C
USA,18.1,1258.0,0.126,Reduced,No,Grain,None,_C
USA,18.1,1258.0,0.573,Reduced,No,Grain,None,_C
USA,18.1,1258.0,0.458,Reduced,No,Grain,None,_C
USA,18.1,1258.0,0.234,Reduced,No,Grain,None,_C
USA,18.1,1258.0,0.164,Reduced,No,Grain,None,_C
USA,18.1,1258.0,0.116,Reduced,No,Grain,None,_C
USA,18.1,1258.0,0.664,Reduced,No,Grain,None,_C
USA,18.1,1258.0,0.507,Reduced,No,Grain,None,_C
USA,18.1,1258.0,0.218,Reduced,No,Grain,None,_C
USA,18.1,1258.0,0.17,Reduced,No,Grain,None,_C
USA,18.1,1258.0,0.116,Reduced,No,Grain,None,_C
USA,18.1,1258.0,0.632,Reduced,No,Grain,None,_C
USA,18.1,1258.0,0.448,Reduced,No,Grain,None,_C
USA,18.1,1258.0,0.229,Reduced,No,Grain,None,_C
USA,18.1,1258.0,0.141,Reduced,No,Grain,None,_C
USA,18.1,1258.0,0.126,Reduced,No,Grain,None,_C
USA,18.1,1258.0,0.573,Reduced,No,Grain,None,_C
USA,18.1,1258.0,0.458,Reduced,No,Grain,None,_C
USA,18.1,1258.0,0.234,Reduced,No,Grain,None,_C
USA,18.1,1258.0,0.164,Reduced,No,Grain,None,_C
USA,18.1,1258.0,0.116,Reduced,No,Grain,None,_C
USA,18.1,1258.0,0.664,Reduced,No,Grain,None,_C
USA,18.1,1258.0,0.507,Reduced,No,Grain,None,_C
USA,18.1,1258.0,0.218,Reduced,No,Grain,None,_C
USA,18.1,1258.0,0.17,Reduced,No,Grain,None,_C
USA,18.1,1258.0,0.116,Reduced,No,Grain,None,_C
USA,18.1,1258.0,0.632,Reduced,No,Grain,None,_C
USA,18.1,1258.0,0.448,Reduced,No,Grain,None,_C
USA,18.1,1258.0,0.229,Reduced,No,Grain,None,_C
USA,18.1,1258.0,0.141,Reduced,No,Grain,None,_C
USA,18.1,1258.0,0.126,Reduced,No,Grain,None,_C
USA,18.1,1258.0,0.573,Reduced,No,Grain,None,_C
USA,18.1,1258.0,0.458,Reduced,No,Grain,None,_C
USA,18.1,1258.0,0.234,Reduced,No,Grain,None,_C
USA,18.1,1258.0,0.164,Reduced,No,Grain,None,_C
USA,18.1,1258.0,0.116,Reduced,No,Grain,None,_C
USA,18.1,1258.0,0.664,Reduced,No,Grain,None,_C
USA,18.1,1258.0,0.507,Reduced,No,Grain,None,_C
USA,18.1,1258.0,0.218,Reduced,No,Grain,None,_C
USA,18.1,1258.0,0.17,Reduced,No,Grain,None,_C
USA,18.1,1258.0,0.116,Reduced,No,Grain,None,_C
USA,18.1,1258.0,0.559,Reduced,No,Grain,None,_C
USA,18.1,1258.0,0.397,Reduced,No,Grain,None,_C
USA,18.1,1258.0,0.22,Reduced,No,Grain,None,_C
USA,18.1,1258.0,0.148,Reduced,No,Grain,None,_C
USA,18.1,1258.0,0.113,Reduced,No,Grain,None,_C
USA,18.1,1258.0,0.643,Reduced,No,Grain,None,_C
USA,18.1,1258.0,0.42,Reduced,No,Grain,None,_C
USA,18.1,1258.0,0.234,Reduced,No,Grain,None,_C
USA,18.1,1258.0,0.14,Reduced,No,Grain,None,_C
USA,18.1,1258.0,0.092,Reduced,No,Grain,None,_C
USA,18.1,1258.0,0.657,Reduced,No,Grain,None,_C
USA,18.1,1258.0,0.42,Reduced,No,Grain,None,_C
USA,18.1,1258.0,0.224,Reduced,No,Grain,None,_C
USA,18.1,1258.0,0.165,Reduced,No,Grain,None,_C
USA,18.1,1258.0,0.127,Reduced,No,Grain,None,_C
USA,18.1,1258.0,0.559,Reduced,No,Grain,None,_C
USA,18.1,1258.0,0.397,Reduced,No,Grain,None,_C
USA,18.1,1258.0,0.22,Reduced,No,Grain,None,_C
USA,18.1,1258.0,0.148,Reduced,No,Grain,None,_C
USA,18.1,1258.0,0.113,Reduced,No,Grain,None,_C
USA,18.1,1258.0,0.643,Reduced,No,Grain,None,_C
USA,18.1,1258.0,0.42,Reduced,No,Grain,None,_C
USA,18.1,1258.0,0.234,Reduced,No,Grain,None,_C
USA,18.1,1258.0,0.14,Reduced,No,Grain,None,_C
USA,18.1,1258.0,0.092,Reduced,No,Grain,None,_C
USA,18.1,1258.0,0.657,Reduced,No,Grain,None,_C
USA,18.1,1258.0,0.42,Reduced,No,Grain,None,_C
USA,18.1,1258.0,0.224,Reduced,No,Grain,None,_C
USA,18.1,1258.0,0.165,Reduced,No,Grain,None,_C
USA,18.1,1258.0,0.127,Reduced,No,Grain,None,_C
USA,18.1,1258.0,0.559,Reduced,No,Grain,None,_C
USA,18.1,1258.0,0.397,Reduced,No,Grain,None,_C
USA,18.1,1258.0,0.22,Reduced,No,Grain,None,_C
USA,18.1,1258.0,0.148,Reduced,No,Grain,None,_C
USA,18.1,1258.0,0.113,Reduced,No,Grain,None,_C
USA,18.1,1258.0,0.643,Reduced,No,Grain,None,_C
USA,18.1,1258.0,0.42,Reduced,No,Grain,None,_C
USA,18.1,1258.0,0.234,Reduced,No,Grain,None,_C
USA,18.1,1258.0,0.14,Reduced,No,Grain,None,_C
USA,18.1,1258.0,0.092,Reduced,No,Grain,None,_C
USA,18.1,1258.0,0.657,Reduced,No,Grain,None,_C
USA,18.1,1258.0,0.42,Reduced,No,Grain,None,_C
USA,18.1,1258.0,0.224,Reduced,No,Grain,None,_C
USA,18.1,1258.0,0.165,Reduced,No,Grain,None,_C
USA,18.1,1258.0,0.127,Reduced,No,Grain,None,_C
USA,18.1,1258.0,0.398,Conventional,No,Vegetable,None,_C
USA,18.1,1258.0,0.398,Conventional,No,Vegetable,None,_C
USA,18.1,1258.0,0.397,Conventional,No,Vegetable,None,_C
USA,18.1,1258.0,0.392,Conventional,No,Vegetable,None,_C
USA,18.1,1258.0,0.391,Conventional,No,Vegetable,None,_C
USA,18.1,1258.0,0.391,Conventional,No,Vegetable,None,_C
USA,18.1,1258.0,0.365,Conventional,No,Vegetable,None,_C
USA,18.1,1258.0,0.365,Conventional,No,Vegetable,None,_C
USA,18.1,1258.0,0.364,Conventional,No,Vegetable,None,_C
USA,18.1,1258.0,0.359,Conventional,No,Vegetable,None,_C
USA,18.1,1258.0,0.358,Conventional,No,Vegetable,None,_C
USA,18.1,1258.0,0.358,Conventional,No,Vegetable,None,_C
USA,18.1,1258.0,0.354,Conventional,No,Vegetable,None,_C
USA,18.1,1258.0,0.354,Conventional,No,Vegetable,None,_C
USA,18.1,1258.0,0.353,Conventional,No,Vegetable,None,_C
USA,18.1,1258.0,0.343,Conventional,No,Vegetable,None,_C
USA,18.1,1258.0,0.343,Conventional,No,Vegetable,None,_C
USA,18.1,1258.0,0.342,Conventional,No,Vegetable,None,_C
USA,18.1,1258.0,0.328,Conventional,No,Vegetable,None,_C
USA,18.1,1258.0,0.327,Conventional,No,Vegetable,None,_C
USA,18.1,1258.0,0.327,Conventional,No,Vegetable,None,_C
USA,18.1,1258.0,0.816,Reduced,No,Vegetable,None,_C
USA,18.1,1258.0,0.777,Reduced,No,Vegetable,None,_C
USA,18.1,1258.0,0.767,Reduced,No,Vegetable,None,_C
USA,18.1,1258.0,0.721,Reduced,No,Vegetable,None,_C
USA,18.1,1258.0,0.86,No,No,Vegetable,None,_C
USA,18.1,1258.0,0.737,No,No,Vegetable,None,_C
USA,18.1,1258.0,0.935,No,No,Vegetable,None,_C
USA,18.1,1258.0,0.784,No,No,Vegetable,None,_C
USA,18.1,1258.0,0.77,No,No,Vegetable,None,_C
USA,18.1,1258.0,0.716,No,No,Vegetable,None,_C
USA,18.1,1258.0,0.86,No,No,Vegetable,None,_C
USA,18.1,1258.0,0.777,No,No,Vegetable,None,_C
USA,18.1,1258.0,0.881,No,No,Vegetable,None,_C
USA,18.1,1258.0,0.82,No,No,Vegetable,None,_C
USA,18.1,1258.0,0.763,No,No,Vegetable,None,_C
USA,18.1,1258.0,0.712,No,No,Vegetable,None,_C
USA,18.1,1258.0,0.86,No,No,Vegetable,None,_C
USA,18.1,1258.0,0.809,No,No,Vegetable,None,_C
USA,18.1,1258.0,1.036,No,No,Vegetable,None,_C
USA,18.1,1258.0,0.896,No,No,Vegetable,None,_C
USA,18.1,1258.0,0.755,No,No,Vegetable,None,_C
USA,18.1,1258.0,0.712,No,No,Vegetable,None,_C
USA,18.1,1258.0,0.86,Reduced,No,Vegetable,None,_C
USA,18.1,1258.0,0.835,Reduced,No,Vegetable,None,_C
USA,18.1,1258.0,0.817,Reduced,No,Vegetable,None,_C
USA,18.1,1258.0,0.77,Reduced,No,Vegetable,None,_C
USA,18.1,1258.0,0.777,Reduced,No,Vegetable,None,_C
USA,18.1,1258.0,0.723,Reduced,No,Vegetable,None,_C
USA,18.1,1258.0,0.86,Reduced,No,Vegetable,None,_C
USA,18.1,1258.0,0.773,Reduced,No,Vegetable,None,_C
USA,18.1,1258.0,0.727,Reduced,No,Vegetable,None,_C
USA,18.1,1258.0,0.791,Reduced,No,Vegetable,None,_C
USA,18.1,1258.0,0.813,Reduced,No,Vegetable,None,_C
USA,18.1,1258.0,0.719,Reduced,No,Vegetable,None,_C
USA,18.1,1258.0,0.86,Reduced,No,Vegetable,None,_C
USA,18.1,1258.0,0.888,Reduced,No,Vegetable,None,_C
USA,18.1,1258.0,0.835,Reduced,No,Vegetable,None,_C
USA,18.1,1258.0,0.892,Reduced,No,Vegetable,None,_C
USA,18.1,1258.0,0.853,Reduced,No,Vegetable,None,_C
USA,18.1,1258.0,0.73,Reduced,No,Vegetable,None,_C
USA,18.1,1258.0,0.86,Conventional,No,Vegetable,None,_C
USA,18.1,1258.0,0.734,Conventional,No,Vegetable,None,_C
USA,18.1,1258.0,0.759,Conventional,No,Vegetable,None,_C
USA,18.1,1258.0,0.701,Conventional,No,Vegetable,None,_C
USA,18.1,1258.0,0.723,Conventional,No,Vegetable,None,_C
USA,18.1,1258.0,0.723,Conventional,No,Vegetable,None,_C
USA,18.1,1258.0,0.86,Conventional,No,Vegetable,None,_C
USA,18.1,1258.0,0.612,Conventional,No,Vegetable,None,_C
USA,18.1,1258.0,0.709,Conventional,No,Vegetable,None,_C
USA,18.1,1258.0,0.651,Conventional,No,Vegetable,None,_C
USA,18.1,1258.0,0.723,Conventional,No,Vegetable,None,_C
USA,18.1,1258.0,0.723,Conventional,No,Vegetable,None,_C
USA,18.1,1258.0,0.86,Conventional,No,Vegetable,None,_C
USA,18.1,1258.0,0.655,Conventional,No,Vegetable,None,_C
USA,18.1,1258.0,0.647,Conventional,No,Vegetable,None,_C
USA,18.1,1258.0,0.687,Conventional,No,Vegetable,None,_C
USA,18.1,1258.0,0.723,Conventional,No,Vegetable,None,_C
USA,18.1,1258.0,0.73,Conventional,No,Vegetable,None,_C
USA,12.8,1148.1,1.97,No,No,Grain,None,_C
USA,12.8,1148.1,2.35,No,No,Grain,None,_C
USA,12.8,1148.1,1.64,Conventional,No,Grain,None,_C
USA,12.8,1148.1,1.675,Conventional,No,Grain,None,_C
USA,12.8,1148.1,1.97,No,No,Grain,None,_C
USA,12.8,1148.1,2.35,No,No,Grain,None,_C
USA,12.8,1148.1,1.64,Conventional,No,Grain,None,_C
USA,12.8,1148.1,1.675,Conventional,No,Grain,None,_C
Brazil,19.7,1769.0,1.06,No,No,Grain,None,_C
Brazil,19.7,1769.0,1.06,No,No,Grain,None,_C
Brazil,19.7,1769.0,0.971,No,No,Grain,None,_C
Brazil,19.7,1769.0,0.971,No,No,Grain,None,_C
Brazil,19.4,1440.0,1.642,No,No,Grain-rotation,None,_C
Brazil,19.4,1440.0,1.642,No,No,Grain-rotation,None,_C
Brazil,19.4,1440.0,1.8,No,No,Grain-rotation,None,_C
Brazil,19.4,1440.0,1.8,No,No,Grain-rotation,None,_C
Brazil,19.2,1727.0,1.961,Conventional,No,Grain-rotation,None,_C
Brazil,19.2,1727.0,2.541,Conventional,No,Grain-rotation,None,_C
Brazil,19.2,1727.0,2.462,No,No,Grain-rotation,None,_C
Brazil,19.2,1727.0,2.619,No,No,Grain-rotation,None,_C
Germany,8.9,495.0,0.347,Unknown,No,Vegetable,None,_C
Germany,8.9,495.0,0.524,Unknown,No,Vegetable,None,_C
Germany,8.9,495.0,0.39,Unknown,No,Vegetable,None,_C
Germany,8.9,495.0,0.61,Unknown,No,Vegetable,None,_C
Germany,8.9,495.0,0.429,Unknown,No,Vegetable,None,_C
Germany,8.9,495.0,0.623,Unknown,No,Vegetable,None,_C
Brazil,19.4,1440.0,0.991,Conventional,No,Grain-rotation,None,_C
Brazil,19.4,1440.0,1.131,No,No,Grain-rotation,None,_C
Brazil,19.4,1440.0,4.516,Conventional,No,Grain-rotation,None,_C
Brazil,19.4,1440.0,4.251,Conventional,No,Grain-rotation,None,_C
Brazil,19.4,1440.0,4.251,Conventional,No,Grain-rotation,None,_C
Brazil,19.4,1440.0,4.025,Conventional,No,Grain-rotation,None,_C
Brazil,19.4,1440.0,2.069,Conventional,No,Grain-rotation,None,_C
Brazil,19.4,1440.0,0.658,Conventional,No,Grain-rotation,None,_C
Brazil,19.4,1440.0,6.394,No,No,Grain-rotation,None,_C
Brazil,19.4,1440.0,5.241,No,No,Grain-rotation,None,_C
Brazil,19.4,1440.0,4.494,No,No,Grain-rotation,None,_C
Brazil,19.4,1440.0,4.312,No,No,Grain-rotation,None,_C
Brazil,19.4,1440.0,2.047,No,No,Grain-rotation,None,_C
Brazil,19.4,1440.0,0.74,No,No,Grain-rotation,None,_C
France,11.5,604.0,1.049,Conventional,No,Grain-rotation,None,_C
France,11.5,604.0,1.039,No,No,Grain-rotation,None,_C
France,12.1,1213.0,2.608,Conventional,No,Grain-rotation,None,_C
France,10.8,605.0,1.421,Conventional,No,Grain-rotation,None,_C
France,10.8,605.0,1.58,Conventional,No,Grain-rotation,None,_C
France,10.8,605.0,1.571,Conventional,No,Grain-rotation,None,_C
Canada,3.3,350.0,1.79,No,No,Grain,None,_C
Canada,3.3,350.0,1.87,No,No,Grain,None,_C
Canada,3.3,350.0,1.85,No,No,Grain,None,_C
Canada,3.3,350.0,1.27,No,No,Grain,None,_C
Canada,3.3,350.0,1.65,No,No,Grain,None,_C
Canada,3.3,350.0,1.61,No,No,Grain,None,_C
Germany,8.0,586.0,0.455,Conventional,No,Grain,None,_C
Germany,8.0,586.0,0.478,Conventional,No,Grain,None,_C
Italy,14.3,900.0,1.12,No,No,Grain,None,_C
Italy,14.3,900.0,1.12,No,No,Grain,None,_C
Italy,14.3,900.0,1.12,No,No,Grain-rotation,None,_C
Italy,14.3,900.0,1.1,No,No,Grain-rotation,None,_C
Italy,14.3,900.0,1.1,No,No,Grain,None,_C
Italy,14.3,900.0,1.1,No,No,Grain,None,_C
Italy,14.3,900.0,1.24,No,No,Grain-rotation,None,_C
Italy,14.3,900.0,1.24,No,No,Grain-rotation,None,_C
Italy,14.3,900.0,1.24,No,No,Grain,None,_C
Italy,14.3,900.0,1.03,No,No,Grain,None,_C
Italy,14.3,900.0,1.03,No,No,Grain,None,_C
Italy,14.3,900.0,1.03,No,No,Grain-rotation,None,_C
Italy,14.3,900.0,1.02,No,No,Grain-rotation,None,_C
Italy,14.3,900.0,1.02,No,No,Grain,None,_C
Italy,14.3,900.0,1.02,No,No,Grain,None,_C
Italy,14.3,900.0,0.99,No,No,Grain-rotation,None,_C
Italy,14.3,900.0,0.99,No,No,Grain-rotation,None,_C
Italy,14.3,900.0,0.99,No,No,Grain,None,_C
Italy,14.3,900.0,1.039,No,No,Grain-rotation,None,_C
Italy,14.3,900.0,1.039,No,No,Grain,None,_C
Italy,14.3,900.0,1.039,No,No,Grain,None,_C
Italy,14.3,900.0,1.057,No,No,Grain-rotation,None,_C
Italy,14.3,900.0,1.057,No,No,Grain-rotation,None,_C
Italy,14.3,900.0,1.057,No,No,Grain,None,_C
Brazil,22.5,1500.0,2.048,Conventional,No,Grain,None,_C
Brazil,22.5,1500.0,1.994,Conventional,No,Grain,None,_C
Brazil,22.7,1500.0,0.218,Unknown,No,Grain,None,_C
Brazil,22.7,1500.0,0.216,Unknown,No,Grain,None,_C
Brazil,22.7,1500.0,0.218,Unknown,No,Grain,None,_C
Brazil,22.7,1500.0,0.213,Unknown,No,Grain,None,_C
Germany,8.0,600.0,0.917,Conventional,No,Grain-rotation,None,_C
Germany,8.0,600.0,0.919,Conventional,No,Grain-rotation,None,_C
Germany,8.0,600.0,0.939,Conventional,No,Grain-rotation,None,_C
Germany,8.0,600.0,0.949,Conventional,No,Grain-rotation,None,_C
Germany,8.0,600.0,0.964,Conventional,No,Grain-rotation,None,_C
Germany,8.0,600.0,0.999,Conventional,No,Grain-rotation,None,_C
Germany,8.0,600.0,0.997,Conventional,No,Grain-rotation,None,_C
Germany,8.0,600.0,0.996,Conventional,No,Grain-rotation,None,_C
Sweden,5.0,545.0,1.23,Unknown,No,Grain,None,_C
Denmark,7.6,862.0,1.153,Conventional,No,Grain,None,_C
Denmark,7.6,862.0,1.308,Conventional,No,Grain,None,_C
Denmark,7.6,862.0,1.453,Conventional,No,Grain,None,_C
Denmark,7.6,862.0,1.585,Conventional,No,Grain,None,_C
USA,8.9,945.0,4.92,No,No,Grain,None,_C
USA,8.9,945.0,4.92,No,No,Grain,None,_C
USA,8.9,945.0,4.92,No,No,Grain,None,_C
USA,9.4,1287.0,4.94,No,No,Grain,None,_C
USA,9.4,1287.0,4.94,No,No,Grain,None,_C
USA,9.4,1287.0,4.94,No,No,Grain,None,_C
USA,9.4,826.0,4.93,No,No,Grain,None,_C
USA,9.4,826.0,4.93,No,No,Grain,None,_C
USA,9.4,826.0,4.93,No,No,Grain,None,_C
USA,8.9,945.0,4.66,No,No,Grain,None,_C
USA,8.9,945.0,4.66,No,No,Grain,None,_C
USA,8.9,945.0,4.66,No,No,Grain,None,_C
USA,9.4,1287.0,4.86,No,No,Grain,None,_C
USA,9.4,1287.0,4.86,No,No,Grain,None,_C
USA,9.4,1287.0,4.86,No,No,Grain,None,_C
USA,9.4,826.0,4.76,No,No,Grain,None,_C
USA,9.4,826.0,4.76,No,No,Grain,None,_C
USA,9.4,826.0,4.76,No,No,Grain,None,_C
USA,17.3,1958.0,1.08,Conventional,No,Unknown,None,_C
USA,17.3,1958.0,1.08,Conventional,No,Unknown,None,_C
USA,17.3,1958.0,1.08,Conventional,No,Unknown,None,_C
USA,17.3,1958.0,0.83,Conventional,No,Unknown,None,_C
USA,17.3,1958.0,0.81,Conventional,No,Unknown,None,_C
USA,17.3,1958.0,0.63,Conventional,No,Unknown,None,_C
USA,17.3,1958.0,1.16,Conventional,No,Unknown,None,_C
USA,17.3,1958.0,0.73,Conventional,No,Unknown,None,_C
USA,17.3,1958.0,0.87,Conventional,No,Unknown,None,_C
USA,17.3,1958.0,0.86,Conventional,No,Unknown,None,_C
USA,17.3,1958.0,0.9,Conventional,No,Unknown,None,_C
USA,17.3,1958.0,0.35,Conventional,No,Unknown,None,_C
USA,17.3,1958.0,1.49,Conventional,No,Unknown,None,_C
